default,annual_inc,dti,emp_length,loan_amnt
0,75917.50186417112,21.598925734193376,3,8489
1,35033.26418570283,24.62374032286325,9,27111
0,89751.22330059097,26.994925981510548,5,33355
0,111186.39910444673,29.102107025775645,6,9269
0,67750.89838788168,13.864533423295027,8,3831
0,84864.4730386633,5.349257183045728,9,12819
0,76947.82497220837,30.32052818242192,6,25813
1,40488.265946849024,23.74798097716525,5,22637
0,109972.10634848592,34.26411961225371,0,2996
0,68726.07365785175,33.7485927015243,1,4089
0,94486.76226996208,34.51641587257591,0,34291
1,105018.18808337332,21.978313099283906,8,21659
0,54574.40885114609,16.6769938542903,9,31429
0,56843.55280962179,32.704537090697954,9,16732
0,60452.014991544966,20.79529395602392,8,20506
0,119085.0269191384,11.420476874120208,6,6190
0,44828.89269105155,34.9240906846516,1,5575
0,128135.29705783316,35.88959568703216,5,24706
0,76564.22447596407,21.320841464905957,10,23884
0,79014.89467890267,7.649490455842561,3,18199
0,102965.62021123378,18.573913147092597,0,13479
0,72700.30253998075,33.12381808119112,0,13665
0,110512.82397449006,36.562090999118,4,1534
0,54540.27740426125,12.121545987415852,1,27292
0,126319.28778916376,7.344076420884503,3,23469
0,56533.691704710014,35.707265859649354,0,2172
0,128446.19643047196,18.629172864260635,3,28914
0,57248.09695992746,23.961633749364715,10,21901
0,61260.39383464204,38.88230342177656,5,20324
0,42243.23355967543,7.3297654769978,9,9738
0,47951.67783048366,27.691130260823343,3,25054
0,68882.08566941114,7.593689790120347,0,30709
0,77867.01165435617,18.14141249632751,6,21107
1,106985.40941724429,33.13350908177064,1,1363
1,63292.405086000166,20.171528146447205,8,11358
0,39558.22294850559,39.90138238660327,2,4240
0,83137.05982207104,24.56707497313108,7,7665
0,75533.38571074216,16.24067534225837,7,2936
0,87200.49838870011,12.70389640666636,2,26538
0,51301.71959647564,17.268218700015666,3,12998
0,54165.017447179365,18.03866458158428,1,1882
0,51311.01444109306,7.404978720338634,3,21224
0,116029.64321277264,17.93509697993706,10,31825
1,126855.9030013309,21.24834819087287,10,6204
0,53086.64917147342,30.29582132835816,10,29885
0,53587.3717093268,27.98553196525628,8,4203
0,92577.55548340992,29.8067979330204,1,3244
0,133071.8219067924,5.292728865689998,2,33786
0,145808.518214301,12.61835898531876,10,4083
0,51961.74940508096,28.158950093994974,10,22584
1,58173.60903583775,21.93962788629115,3,9521
0,79677.70017611723,5.185971648392108,4,34541
1,81406.56690587438,33.15731248511378,0,30063
1,64421.38130826248,32.04833506516181,6,5732
0,47187.77203321059,24.19467070477469,9,28518
1,68932.04102597713,7.326216402169524,6,30697
0,145738.7764000777,31.828026733640463,8,3567
0,54531.41979132483,25.429975570597737,3,17121
0,77504.84593348122,32.36859920052857,5,2674
0,187958.4945967421,31.311144733854416,10,11875
0,54168.51833792114,33.105072518524295,1,1739
0,94502.22951302891,23.13028232416187,3,2545
0,148511.43570728955,9.911358136773025,1,30140
0,90936.76348436828,28.490511568289104,9,10327
0,112422.70605600488,26.71658247681897,4,6127
0,100094.66320466292,30.97886155196805,6,24331
0,87757.76205688901,10.945835211775735,0,24004
0,125017.9318163738,11.824131996510122,9,11492
0,93194.93167178806,36.164333102676494,9,14749
1,64723.19722834804,31.24922294582248,6,24508
0,74862.5034718662,36.787997104511305,9,10045
0,82638.86755137146,31.555036240737223,5,21116
0,58012.292493404544,25.900435709660567,5,19667
0,76376.70653956024,27.894645795975578,7,10521
0,71515.52365424961,36.11947733790035,7,9669
0,93068.4912844532,25.25823640791792,5,28302
0,166099.25670271873,27.13369635149356,2,12283
0,78395.90472218468,10.47668506012602,4,31935
0,134566.5930726914,21.587242704063595,1,7998
0,91603.5605088605,30.073898918533462,4,29806
1,76222.61269793728,14.48299444107279,8,32624
0,56507.5303448049,12.078896318358725,9,14440
0,76479.46953503456,15.983938287854544,0,22797
0,74397.71918487921,13.452521979749172,9,2269
0,49676.0827187828,12.521942296273854,4,8868
0,53405.92713535539,19.869779500383043,5,31251
0,82948.30895920095,36.7743479859237,10,13373
0,133969.84521178625,22.74708763585514,6,19987
1,67890.99041996186,11.577213328536306,8,16734
0,32781.903716167035,7.694008428330592,5,19064
0,20190.368109066225,29.365465079827384,4,9433
0,41848.95292067103,18.397956755273576,6,10111
0,95553.62360967616,33.76408313048758,0,16047
0,36169.57848631776,28.08287690242696,10,9084
0,102247.545262394,32.868450768947895,4,22751
0,93253.42556641836,14.518111379645706,1,17453
0,66835.26311014948,29.23256228613704,3,21308
0,31290.445834345504,14.242169464280158,6,31077
0,49888.113736523024,37.8673967807602,4,25503
0,62470.422125489786,27.273099853668104,5,3779
0,82038.83535290483,16.357913006136975,1,22304
0,36773.09463635882,14.432915180229545,2,1755
0,127979.55196307274,11.682430477507523,6,18400
0,81703.2267365326,29.31243356128047,10,15249
1,85868.11920250033,12.655046454927454,1,25600
0,92960.34072482452,25.83561430746212,5,20222
0,122506.57383865406,14.262225942387508,4,34505
0,76563.06843917696,28.1689130677854,9,30148
0,95579.43703738756,33.52289049891887,0,23302
0,50290.33417392839,32.23088351006286,10,3623
0,146076.25261295645,31.62979658257736,9,9646
0,74233.6518326237,11.570284199228825,10,14543
1,50169.32188562813,8.093473144458155,3,29960
0,56514.55901372552,29.46320899705849,10,23785
0,24888.72965727196,17.892152482802295,1,13817
1,56342.70818331251,20.132117924117157,3,32406
0,17170.96120768823,6.090218247768688,0,24456
0,98675.02923347536,14.085175724626724,1,24777
1,84711.27718571865,6.178674135606241,7,21914
0,43109.08015493651,35.77150204104367,5,30553
0,68465.32929871006,13.518883912648567,1,24548
1,69883.32927090621,24.50680093505528,5,7727
0,38774.01401586716,6.364276223139564,9,33427
0,63081.29372769277,28.33965869569803,8,17692
0,70874.81999458998,16.305957101393286,6,32625
0,62292.13693773127,36.4271715435183,8,25918
0,50145.12408254876,36.08413661269125,4,16577
1,42301.59126818885,16.38517164266117,6,20619
0,61280.68407067841,36.53363134916638,10,34710
0,53074.98992145035,39.86551857245726,6,17195
0,90241.3347326511,33.88954824433819,2,28689
0,125839.98324784638,34.57049717143302,6,12154
0,104439.59099782932,13.715305763818147,0,30412
0,71950.07825998274,25.18458396002147,8,22341
1,51059.85632730655,7.353956988857875,9,33018
0,103198.920866699,8.32212778875844,5,10145
0,92665.03668565032,39.96124142116517,4,23223
0,121954.07402892808,16.432373729906885,6,3880
0,76600.17120518492,31.186436921709625,4,22271
1,142664.89149098203,33.23327685593858,9,34313
1,76610.87931079432,35.03081448525302,4,14304
0,50942.28207971881,39.91699040907548,10,31225
0,55461.89687491045,13.452376983990376,9,21536
0,88345.34610850988,6.4122789400894895,10,31831
0,53007.09365327182,19.39170312981051,6,12673
0,142226.72386116328,9.552823444013145,9,22917
0,85111.75696102211,5.78490612067193,6,28829
0,71238.68887542395,17.614938949952013,10,16372
0,73961.94185947697,32.43083878763328,2,26938
0,61986.87579564677,24.81632419287748,2,3663
1,28657.83427968993,15.947229622362393,9,10465
0,55481.30355166172,27.90197019224519,2,4326
0,134393.002065814,13.120636310808376,5,4659
0,77527.87126503237,5.503350612522976,5,28594
1,109707.1848662126,31.75236852527496,2,5763
0,111093.79289561864,26.83100797024032,2,24121
0,68759.58279784326,31.6805918575336,7,11828
0,93336.68863893424,6.362830584068297,7,12221
0,30336.682432044865,34.299186974072825,6,12211
0,129574.0987393702,26.683417001270616,9,14569
0,124919.33318330727,24.718837274942405,3,32358
0,87259.74556884135,26.861491684008605,3,7022
0,78791.10476740212,35.255163640392745,2,14515
0,69175.21422184653,25.542777729561745,4,7159
0,115292.00952347356,25.33326329608628,2,22691
0,98101.6770845001,39.6737704973018,7,25904
0,12323.46049352503,31.48555584739988,6,4044
0,58900.14402808277,20.48028319078973,2,10612
0,39625.86297420315,29.75889500115247,8,6636
0,35870.42482545056,18.6230665092126,4,12593
0,114754.95925521108,13.010641186922465,8,3892
0,68490.58061266864,25.88981569107158,6,22672
0,86623.64768774362,37.4863734339883,6,6812
0,72518.9383891187,37.5198832005412,5,32085
0,36113.52514430433,16.966684733692162,1,1654
0,30705.788536180786,23.468711317759325,8,18143
0,57023.71692670098,12.40725644994514,5,2798
0,59299.27180661218,39.84708883246092,7,30087
1,59281.705373145625,39.33912677537775,0,12618
0,60086.52184266492,27.73281253976066,4,9446
0,161162.16935818965,33.154492088711564,0,22646
0,108973.67066819745,30.0285056449295,9,28200
1,78026.25602974999,25.76053766638139,10,30571
1,67705.39331897492,6.86717989461142,7,23538
0,68800.77589659221,20.916751989343137,7,21900
0,96525.19299435044,28.61752057585937,0,23356
0,67416.92446054972,28.713606485928963,8,24023
0,104088.56074257309,18.059291644783425,1,18392
0,81838.47885787662,37.95921953303107,8,21698
0,161819.956243376,10.857496128287334,0,27535
0,65573.50590684389,22.51258061754462,9,34757
1,112399.56536423595,29.1809391792788,8,13476
1,41421.01305253891,29.39975320621332,3,5711
0,51670.59821051749,27.702363486908546,8,7479
0,152142.59813958517,14.635087470815106,6,32390
0,102147.89429642132,10.467229904031768,10,14161
0,87321.75242404138,27.25791143893488,5,33152
1,180331.9478078963,25.97557406488032,4,15635
1,68149.48801970077,11.277460360123436,10,31297
0,112281.5533527895,29.67987009496972,8,21836
0,115939.52248625497,20.931019710677973,1,25831
0,137390.5207714937,28.371620706110352,10,2007
0,39037.29281083025,34.307847791955275,1,27331
1,67942.18081774782,10.94049500019231,10,11763
0,81202.68168353026,5.670070379889284,8,4908
0,136391.23294608184,32.26859052385254,2,28573
0,85748.64918385838,26.33940988034156,7,20187
0,116050.24713006272,29.48738493677426,10,12957
0,37280.28853692714,34.33542412460249,8,5379
0,60793.784820482,33.09838271885752,7,28959
0,124710.42076590982,38.63220514250887,3,17482
0,64540.26798059007,23.75772775982414,0,28105
0,70506.03334454018,22.097347143096687,3,1877
0,135422.66307876198,19.066051996175556,8,19252
0,45985.78507946569,10.37918649954716,1,32334
0,51269.54496739578,25.041253150870784,2,20049
0,35284.17239193685,14.695438351409257,9,18772
0,137827.0004434457,37.24576292745415,7,3637
0,108085.2872111254,25.41167814969841,5,8242
0,106875.51408230468,25.74940631778385,7,34972
0,59993.0227949717,17.422363130695352,6,17928
0,33937.23443288064,6.819627319219762,4,29742
0,29074.0599622407,6.111031788054602,8,12831
0,125118.78674263526,19.816730045361915,3,20556
0,89908.82738289433,7.959788233403325,5,26343
0,97584.37568494788,26.239643443904868,1,23834
1,79512.70442924647,35.83405519738801,1,34422
0,48300.84382619048,35.90201857815528,1,24205
1,61293.29414840033,28.06658935462813,9,19830
0,42604.0786357934,12.393114101552586,6,9412
0,39983.50792899413,35.204889097560525,1,4666
0,104172.54563606811,36.01327023596228,1,21786
0,30446.143438885192,11.882875473353554,8,6515
0,42746.28099043049,30.809913001973705,6,27627
0,62970.43922583351,15.028184212449304,10,16198
0,73470.3775574618,33.092410932352536,2,4985
0,35060.21018438125,39.90332649662609,2,30475
0,30029.64848371725,6.050910186528748,6,20403
0,85265.08072552345,36.40780530268262,4,4681
0,77509.22205029996,26.792068675953036,9,27019
1,124160.42944561948,39.06839167076874,5,28586
1,74038.14583267111,21.275333113424967,7,6629
1,89121.97386615348,34.65857756999808,8,28710
0,49627.86597304796,7.183792400939703,0,31328
0,50641.82815180776,16.73476675274035,2,13278
1,36935.27530583526,7.345578821292349,10,9417
0,49862.33845542221,39.137009671767466,6,9963
1,60870.91579882146,33.59408675451429,5,26009
1,118715.33810155318,34.83915974360897,6,28675
1,46270.77722557311,37.8287831001863,7,7731
0,165057.71360575533,7.978622014192487,5,12332
0,92610.55243837553,18.49591573796667,2,20177
1,84282.99358502403,7.486221116540074,1,24718
0,71429.27279951541,12.377758554251002,6,3911
0,65343.82172197019,13.027802196318532,10,19799
0,53444.62753197342,21.41875238666525,0,16194
1,34334.11604145651,14.39967586087749,2,5951
0,47053.93671873072,8.534233738621637,10,29333
0,137679.51514967968,10.86218811829377,3,22673
0,90103.23975962643,10.154644724323182,0,6565
0,137134.9236655832,39.05768792693044,4,23821
1,52792.53264665921,31.575237742146577,9,26494
0,41998.05374692597,38.87165128443467,2,34941
0,71110.24919601929,20.3909170277768,1,9624
1,47896.91423247456,14.742896858192982,2,1835
0,77852.09471647153,32.94026190232154,7,19646
0,30718.62820715989,16.418887131440137,5,12824
0,23232.384197371124,15.47841807968719,6,4815
0,82833.8694839605,13.137709727274093,5,3429
0,139388.3453681831,9.538764237848238,5,3607
0,84474.5725688566,13.976207135586808,2,26650
0,89695.26440166416,17.43619119658607,7,33353
1,72491.85318121589,28.58979728510057,6,12991
1,75632.58265800378,7.189769477680805,6,22168
0,33456.734849250824,12.367742888287005,5,32099
0,48768.79208171301,33.31582741020867,4,32416
0,118179.3391933337,10.142267325431977,9,6580
0,40235.58693889667,16.992580128288253,7,8054
0,60239.61950028239,35.263062265034904,4,25090
0,117125.99271209084,10.422385890020491,8,16823
1,74693.30323050746,7.895789246636646,8,16339
0,76409.33857604486,21.95882982780038,0,4491
0,60453.650594436906,15.584682894748774,5,1706
0,95543.7442479516,24.71929275693489,6,32957
0,105802.2876601296,33.13317116692163,2,16728
0,47495.05308742103,9.80019708534601,6,7997
0,35117.31081025853,25.32446795939997,10,26163
0,25766.23215816931,22.69280661364524,10,18718
0,87784.7889330551,10.042757510461986,6,22972
0,83361.4415544484,26.839946993514385,10,19231
0,185842.304794424,14.577414625127007,1,13126
0,72685.19540407757,22.07420114904044,6,24595
0,66844.25611660068,7.879531349697165,0,13118
0,79026.91117713641,21.085442002476807,4,4317
0,80950.2095840927,15.72622138149871,8,16504
0,64482.33317142834,33.7833423914874,6,4057
0,48255.80470220382,6.99425544490789,6,27660
0,70917.15051133728,19.65125462214155,10,1402
0,69704.92632208155,21.04509984460033,1,9605
0,69192.16156150513,30.37521267046916,7,16761
0,99983.00621617943,25.100065128157382,2,28043
0,70335.99939280686,28.35243180179633,7,34635
0,35515.63799799926,32.196724997811465,2,14779
0,52048.83966061772,35.177104078036606,9,16155
0,64114.547749794256,15.985642385286468,6,34132
1,71851.76019352673,23.830794687736603,1,24851
0,88605.09950980861,34.403782745372,3,16366
0,72110.06349767213,39.63078958377697,10,29408
0,23517.316781856876,36.13317588653171,5,7571
0,37662.96548780478,18.00135419185319,10,15017
0,91295.01450190398,11.830828102652765,8,5150
0,63308.94905061974,22.128738809230605,4,20423
0,74928.73129569682,30.95745081426148,8,5137
1,59635.45067544325,22.239917476365417,4,30992
0,51945.44059268452,21.9113302159784,9,29902
0,60649.184967177694,34.33806473786302,7,14833
0,75333.1764422817,17.649132267351522,0,2381
0,70098.74873234403,35.0928136184076,6,9154
0,105497.51868586334,19.238168033310323,3,14439
0,32066.412807063512,16.488158698741877,4,20122
0,34393.08373297731,20.889646891989464,5,24956
0,62966.4457919716,31.685643553620395,4,18264
0,89052.13246650048,9.4100709752398,0,4149
0,97593.53788562634,11.874672555520608,8,25660
1,52931.47197974249,38.30056889820822,1,21528
0,15134.632896759833,11.142206958347508,8,2168
0,53749.65533154582,24.87045612758691,9,16032
0,83478.92058862136,25.276006333167825,1,4516
0,69505.07522143674,22.136856171758566,8,20751
0,90499.07692970095,27.56608370018865,5,31373
0,116372.86045290556,13.043935402916643,10,31270
0,64987.68824706608,24.34317937218619,8,11386
0,56596.10825748179,18.0260639336414,5,15157
0,45065.35360124774,28.158354087021618,5,4626
0,34291.8484468734,9.942824018060232,10,21400
0,29652.146733369267,24.980709589381668,1,16979
1,50480.82981029994,11.48446243841633,7,12529
0,109392.97622199936,14.752507209026271,2,17645
0,94345.35185514092,12.654843011325411,6,27424
0,55350.28029946319,11.3993222954086,4,14382
0,165756.6958183038,33.899883304623344,2,5025
0,52149.89440407576,14.999764868131162,0,14844
0,121221.17156657456,37.44933236525573,7,5175
0,133769.50486696474,38.94742838708168,2,31519
0,85987.7003664451,24.994116447798408,1,10174
0,50255.951838733374,10.005039293300424,0,4443
0,58816.98932427263,18.109188518285343,3,22395
0,76156.47984018868,32.92062921718749,7,11725
0,34793.15727127901,17.858675504397468,2,34461
0,43000.38820399478,8.045602640597606,0,32351
0,41261.23072426927,24.487471882486577,3,19196
1,88869.26453979862,34.57922980236121,8,15254
0,115879.37721923715,32.85742355002259,0,15021
0,95976.79022633316,11.129309904562364,10,6724
0,107490.32384593654,28.546761504436336,1,29690
0,48229.260114868805,12.71764922024765,8,2407
0,60055.94905687221,12.637263709326028,1,9032
0,62182.608701216326,35.59251206568148,2,18794
1,85835.98726423626,13.738413345908056,6,20881
0,51149.67054238985,14.213657128130391,2,21756
0,104575.31330903972,5.022868676645484,8,30416
0,132127.4352339234,35.47341619439312,5,26752
0,87778.92674077982,32.74081846231972,2,13926
0,58827.63174822153,26.95651272817373,8,34765
1,46175.86591781429,31.25930173785948,0,15390
0,41309.128398481385,10.321699859857212,9,22939
1,23660.266386782456,21.04132581056514,2,28307
1,63072.54356509065,17.29267855720733,0,31828
0,61407.897045725,8.282178418995578,1,29513
0,101748.44718079148,22.014566982522343,7,25502
0,52755.04771414254,37.22588776199224,6,31063
0,64723.08548443539,6.402069166774307,1,23486
0,79561.6970112875,15.201131972282786,1,32692
0,87145.12578938174,12.263932767199622,8,16958
0,96615.05195064764,13.33513287829937,5,18232
0,76031.13844728918,36.79520931577814,4,11748
0,35825.8208011312,21.382416898200155,9,11514
0,83766.54270578075,21.320479452893657,5,23738
0,50943.88420742029,31.62014748593488,8,9695
0,118279.97914849748,10.407227140172402,10,9070
0,70691.54274052098,22.054287393501777,6,28765
0,78094.69383523332,20.04948249423709,9,31761
0,192676.7866971901,25.891874169132965,9,17698
1,97358.6277133982,39.98451961376535,8,16123
0,83091.59286078328,31.93071129287165,3,26616
0,65608.68105677945,18.92529960560995,1,12182
0,37350.79492232035,33.964356829591644,7,25833
0,63442.9773644441,10.974792715936807,3,34342
0,45898.68640533656,6.066229020813605,8,32331
0,139251.56046137676,12.155693036249556,3,27128
1,83583.45729799216,16.914404463999087,7,32556
0,116375.58823505178,22.870326511084595,8,22969
0,52041.64061340814,26.529519918941997,8,22876
0,47522.35930318641,36.87120010250476,9,9949
0,93178.09145336592,22.84489033426602,3,25518
1,45000.408245360064,22.54464756190053,0,6670
1,56760.05026164828,6.758505343804375,2,25099
0,142196.61203358855,6.221904342967833,8,13716
0,57832.4387863095,24.290598667073024,3,8837
0,33364.685373479166,20.336251463692054,4,20159
0,27041.532384114227,34.37131382431045,6,22560
1,31287.96152190365,10.62378546491458,4,18106
0,119400.60686969216,5.874008174096736,3,9720
0,53597.26717575875,20.716356877554404,1,29362
0,189922.58504782995,13.311749486329012,1,29258
1,132803.7160679606,6.736503066859311,3,22782
0,157203.12090622596,30.36094003966701,9,22120
0,108703.12591438132,8.905754998503662,9,20790
1,91009.00784097303,26.291182500272008,8,28912
0,46693.70880972068,14.83674125584112,7,20156
0,69890.71200754128,11.072361762425771,2,11672
1,95077.16116459016,18.29130330217611,8,15444
1,105742.67463970458,33.050602167803376,4,7784
0,39139.606505165335,18.723275191660044,10,18929
0,63910.36839143002,31.27693772238695,2,2070
0,67354.87469336973,9.392020387970271,4,23906
0,66128.57802415467,32.046999688277765,9,3939
0,41781.059311573445,13.292666371732702,3,30841
0,148906.91064688828,28.70875954611055,7,17301
0,62914.5639485385,24.802354419434877,4,8194
0,43286.10263824932,37.520065102409056,9,6851
0,150547.2655303119,18.556288129135996,7,17378
0,132860.0168808268,7.315781609205416,8,1678
0,74665.20001111488,5.670441994293852,3,31640
0,26910.59291678229,33.94004963404636,6,34756
0,55958.61089872672,23.365747318150127,1,30777
0,29998.153762901005,32.13354181422322,5,27183
1,87996.31262076148,13.204896000403014,7,28445
0,54118.495520214194,17.07793109296318,6,2502
0,69112.19516804695,6.053635527396163,6,22665
0,144563.42313447245,38.65223136009393,7,17198
0,52243.22992006267,28.37537673452847,6,22411
0,86315.26055204151,37.66217807157572,4,16867
0,97873.85688000804,14.292374260017532,6,15266
0,117758.99871556777,26.40122639289813,9,32213
0,66804.53283459408,28.747498890242323,2,8367
0,63605.45832502109,16.114239509015597,4,14490
0,62914.72108623327,34.68382322554705,6,10219
0,82591.54029973417,38.15065120150867,8,7310
0,130364.55971563476,35.96992911936015,1,30631
0,61577.00587725225,30.86734415787804,3,15744
1,17166.37858162032,14.71126379037339,6,20867
0,102731.7099996915,14.856561473697113,0,19625
0,72193.26343439778,38.71761121561133,1,7378
0,88084.62773349974,5.359957357749221,8,20149
1,30594.354478555862,30.06174906347505,9,12422
1,54218.13549171404,29.718615689434177,6,28926
0,99020.25959187328,26.79413393324291,9,34171
0,36715.10903092592,39.6538096130403,6,14180
0,86227.94006631951,15.915780251730384,5,28301
0,68851.42390820748,16.899015232763688,2,25014
0,48792.69221854759,7.762879103129444,9,31936
0,46890.56563658402,20.49793477903081,2,15336
1,41973.50761602214,14.136698418219684,1,23200
0,72017.73793206325,17.018534576217547,10,6470
0,75874.4305775275,34.210012658946965,5,31859
0,58767.77076296419,37.74195797346235,3,15953
0,40689.19540464191,11.500657520181498,4,28433
0,85120.47388448192,18.037812604371304,2,26957
0,103566.27588263938,37.50206967403879,5,7523
0,92040.69195232954,7.163296124122792,10,22387
0,160076.87377729654,8.232618483898248,2,32169
0,64239.160090914,10.697684622218029,7,23990
0,124670.88081098162,25.832449194440617,8,30661
1,51085.39833605795,10.266529485209912,3,14419
0,47165.484869441774,38.88267335077568,8,15457
0,74050.68730439691,20.63500845404821,6,3064
1,136946.37470544066,22.553128612255826,2,11566
0,60963.61281681713,13.633051553189228,6,34085
1,30582.320004023408,21.483608835215676,0,32528
0,102692.56199853844,28.166977142295405,2,7130
1,67507.95841452254,31.291199793391492,5,3042
0,80133.82457788032,31.38538289484696,3,5598
1,48355.860962508814,25.22618894429309,6,33886
0,73734.90547040084,36.652592124785,2,34477
1,32972.52396911951,33.60927465571383,0,29716
0,149938.62285877927,31.49668401445189,8,13601
0,111154.0826252743,6.9461932588161215,5,9061
1,72221.87204378979,5.240728677687726,7,9609
0,101428.62708237968,12.435654701841552,2,18485
0,51148.839794577805,28.22332578697083,7,21805
0,108959.62836156446,19.391912110889105,1,8857
0,59702.762969212185,19.08421907547591,3,12620
0,57718.04177095962,35.96054108803648,2,9177
0,43387.70770221514,36.34469968461436,9,31111
1,84642.90676666473,36.8211342418755,0,24042
0,70787.73665673877,15.985732678025956,6,19645
0,126457.33265154176,29.18695344587416,10,25405
1,40909.539319517215,14.507161344602938,9,12826
1,84816.17747422932,11.67134415760574,1,14890
0,115955.66026688625,11.462136007157923,3,17892
0,191906.499028184,16.97376673022579,8,10484
0,76489.58644967803,20.04851669229376,5,6495
0,59168.4080918458,34.083220986927394,7,29481
0,75601.88450927801,9.196188271544925,1,12267
0,121963.62040396535,30.722404658821297,6,7743
0,121940.98483681888,23.600921996625686,5,27569
0,66243.4200661467,15.078086993659737,8,29552
1,120999.49877186737,22.24868545864886,6,29948
1,69261.60175572106,15.497972442195792,0,11775
0,100925.17703495934,25.862868433340708,7,4557
0,89252.80962539953,20.184537299933545,10,4587
0,58057.4948875888,10.754193517760756,9,17535
0,44162.861675190354,9.080407609449384,2,1954
0,117311.54850211172,24.134348872524555,1,24544
0,131773.77438850675,36.58445616501362,2,34455
1,83914.26385081052,17.038519029518994,10,16138
0,69218.89623875597,30.655003752791814,5,4127
1,38323.90678619597,28.053147422891843,2,24147
0,115968.96809649792,37.60442200083183,9,12559
0,79586.68294611803,33.73433560546993,4,4395
0,61941.2157374503,24.831184061691204,5,26389
1,102199.16158246908,27.996067438193755,7,1845
1,34816.475969422514,36.443526330441216,6,34932
0,42331.44620149475,18.98315746054272,10,14731
0,50255.18278776236,16.437814705022205,7,34122
0,88007.928346685,5.378387927231872,2,4832
0,75981.85229514187,33.92928759670124,3,33332
1,92647.44477698689,33.03432451411777,5,13467
0,112466.98483263244,8.6559081335053,10,14107
0,94133.89839377262,25.190008339644507,6,13458
0,151374.58337164883,21.23935943584106,8,29666
1,112350.60075008032,9.1548183428189,0,3581
0,66171.21393861117,39.31988794712532,7,10582
0,54046.81212481808,12.51435606121744,7,9418
0,67107.17690908899,7.35319630316964,5,29091
0,95597.30747023365,25.819658282566834,3,30113
0,56815.630995943706,30.86033369965614,2,19827
0,96773.11101694686,6.135520611651543,10,15419
1,91893.49891012497,28.055117355445777,2,12814
0,43853.04076257192,23.630215658300905,5,34804
1,111416.0044050584,8.614275310626695,7,11024
1,82588.71117852644,11.038335693122672,6,8435
0,148055.8708945833,24.87910040606282,10,2548
0,69372.6165709338,15.372516472965094,0,6065
1,60628.27532357717,37.84105050279607,10,23880
0,41107.16823811986,33.65590803194178,5,4407
0,40787.135791402376,39.42485222797821,6,34407
0,105529.61533490606,14.08847936326449,6,33940
0,141348.4988400997,38.9403271479292,8,6666
1,66669.71364017595,20.093185442704524,10,26092
0,64670.81741274808,17.163157835981412,10,11109
0,72294.5744577075,6.762233443927364,9,27505
0,114802.33822265729,6.846784025086092,4,8746
0,44045.14607668081,29.220393958132917,0,12975
0,78011.61985715969,21.02751480519097,1,16596
0,106593.5744137514,12.928256911263698,3,34861
0,87525.14177607969,26.488960721383144,4,4880
0,13862.463719234767,13.850034138753893,8,3785
0,94343.3531751824,25.21711140205479,10,23449
0,87905.85400126423,17.57230614439416,0,15799
1,124612.90577897993,33.82432793141366,2,4990
0,136318.80721013175,33.72436562683728,4,20073
0,121837.77596960236,21.707263934284047,2,15549
1,72472.8908250254,17.278668826725546,3,19259
0,29864.58218988041,17.68959287956831,2,20790
0,166542.83845031678,33.200008398387624,3,10979
0,64453.928062202765,16.48628189791642,0,21316
0,71422.40792893032,12.31707807973961,7,27183
0,140544.40620949544,7.964091965635739,3,29324
0,48592.256506734106,21.33425923095429,6,25624
0,35347.160886748905,21.874623462194467,1,21245
0,56990.17239270965,34.43180486410175,1,24790
0,49874.85414867644,12.743354375612238,5,27756
0,33603.473010956346,18.334694578394,1,3833
0,67341.45673743376,33.29420086127918,5,6285
0,72705.47896446825,33.82682637621407,10,10589
0,32595.88020697688,18.46138765925689,1,15116
1,60450.92909010373,21.069340815033836,3,8645
0,48346.610076768855,15.615006179724904,6,30150
0,25123.131174864546,37.63942074467592,7,11889
0,73793.81734996449,9.15253180095531,2,31286
0,77138.1164362818,37.68122980505145,8,16994
0,48351.34668260185,28.93532581423701,1,25662
1,110975.95615870687,23.605025344035592,7,27639
1,70692.84976562629,6.143067127457355,7,18205
0,49462.77138647461,21.64586671377029,3,33930
1,31514.72230153373,19.271183675095628,0,8777
0,79017.5780603187,10.64265841912929,0,29315
0,87812.4395017262,27.974336122522992,1,27973
0,55484.78401536626,38.99028175789,8,19316
1,74865.19164450256,24.67660838725838,1,28304
0,136315.89508527706,30.016364675538103,1,31522
0,103268.02936065104,7.395765839810587,5,23340
0,20862.405313523694,19.618344853594817,6,20830
0,49187.02576843213,9.072546980757355,6,14403
0,65832.34855858525,26.447854243777865,8,15516
0,72519.9334191585,37.84687553749541,5,20091
0,75608.4917023034,28.16222063650735,7,8959
0,85319.26956609916,7.688106691004753,10,32932
0,66853.73106024123,17.4133171744779,5,31554
0,70612.5758566598,24.2732182804298,1,4385
0,105650.18838296316,19.112271464663827,0,34690
0,79722.1751668527,34.177540366631035,4,11367
1,39094.82292853632,33.51348516484963,8,34332
0,73576.9915916505,26.41408570361275,7,20642
0,65916.971898663,18.071028079644684,3,11789
0,25014.028386614813,13.936773081713543,4,21950
0,75308.76000160679,8.705601137459526,4,26563
0,41700.97997271146,17.42141892202939,5,33991
0,106347.5603526223,19.461038102270184,2,1350
0,84775.20391550416,28.653802378642578,4,19312
0,38008.22876807926,28.035593850415072,1,25127
0,104207.92639746497,7.453784887443993,9,29853
0,125510.17886139918,18.83407604009052,0,34785
0,62206.16261928597,11.362260352607668,10,19610
0,65737.47048502984,10.4884446860882,0,24590
0,99697.32257908756,33.95557524080361,9,30443
0,121342.65726017578,6.467032585069013,6,8170
0,28766.81271625419,19.67140065657425,1,14303
0,40265.75385981053,10.887127951828138,3,7207
0,57514.10713364044,35.776557548746595,4,13316
0,60485.4573939196,24.49641796462623,6,7240
0,98425.12377185776,13.09832227318968,1,2893
1,121621.95663978622,22.584955050823176,5,14753
1,125664.1648032282,30.602022589609053,0,12232
0,28393.270442153826,38.53413031218018,6,18509
0,46999.36615383297,12.715610148589665,8,4117
0,37136.95339187968,36.01636202452708,4,5042
0,52503.55094736277,37.70064399586216,4,27746
0,46906.6656108952,37.07471905862232,3,15016
0,84659.89862352045,27.23950249016685,2,26022
0,89235.69087497781,27.043722905214768,8,28938
0,70208.3116225695,19.1123721614338,4,9787
0,67175.57549983932,31.333925880632577,7,2986
0,58681.78539909358,23.595290642282617,8,11942
0,61944.468571705846,28.710332492990307,4,18458
0,135631.16062414888,19.99602663470784,9,13161
0,95099.69479827184,30.602376241509862,8,21689
0,59730.62285851602,33.85650311615922,1,30163
0,66580.26416869166,10.125268981098564,8,34737
1,85533.01867891692,34.15254004509798,10,9772
0,38002.014168726906,23.910378612660757,3,2211
0,74734.80042813197,34.563306818157855,5,1229
0,92777.56690214218,20.095559721935512,5,15345
0,87515.75149027522,18.266416988406228,5,32819
0,47450.17327777138,37.02712563810279,1,17885
0,51747.95414891314,13.790924364194046,6,27708
0,23457.339786660923,34.54743138501501,5,1048
0,97139.5010982096,21.940720037829145,10,20950
0,161011.6296383846,22.99334048929409,0,16173
0,44235.0190905404,15.79638985213194,1,34737
0,112078.9230582247,25.05647702166555,6,29036
0,154564.82792849786,16.382391869667394,0,6820
0,55978.87791990658,6.374429498457831,0,15292
1,66622.70036177977,14.51995118705246,0,4052
0,78548.22518731888,5.223266519230673,7,24781
0,86274.98455045765,39.242417546989984,3,3302
0,80463.97180425054,38.801152343691165,3,3283
0,58060.62947480708,18.83043541153068,1,16620
0,92134.74799706857,30.492979901887608,10,31461
0,58693.329833053474,17.103213444364876,10,21750
0,82944.26386404531,28.48826049800916,10,33890
0,69056.0515790834,33.190051506609265,0,24183
0,26831.97994022258,38.13646856422842,9,10472
0,119369.95786619456,19.00742965473852,8,4727
0,52418.07709162055,32.41542940346167,6,26523
0,124650.01290114057,14.307495772124158,3,31766
0,110099.32233770276,39.661630632777694,5,1524
0,77485.80675031441,5.90193595675229,1,10079
0,88280.5347194826,26.123508227539237,6,9399
1,93057.96812214651,28.08270935779645,1,28370
0,63798.240273316944,29.08159449759451,9,17532
0,65211.71315437075,9.213565257618114,7,17821
0,91048.76270780074,37.84854242155957,7,4749
0,69395.51540719607,11.341414766752898,0,12353
0,58150.21418268488,26.79636911339444,7,29477
0,47823.87178080235,12.793662769307971,1,25570
0,84035.80445590476,15.75257459574448,5,21837
0,51592.60813557216,24.126048960484358,0,12437
0,101828.30038410264,19.60176964976018,4,5551
1,105649.6942952198,10.60789603417772,10,3823
0,87976.88812587906,10.98277408472969,6,13916
0,96222.64994910928,19.63506758569799,9,16167
0,88093.65732747603,31.504904239642524,0,9391
1,99271.38447512304,36.4287626396726,1,13658
0,97396.97721169406,7.944468179078399,6,30685
0,82016.96642149736,18.75863676457904,5,24380
1,110718.118467334,8.508594730300683,2,29919
1,64847.865503498906,5.580736822140926,9,3311
0,48530.49791570382,28.16015389253848,1,14560
0,47334.34177222475,26.08573046883057,9,26993
0,60487.59615296975,10.705668983521017,3,31492
0,24822.53444831549,13.183449158257243,2,21981
1,77141.47258224306,5.829771377558143,6,25143
0,93608.70819758667,34.22315219930413,7,13067
0,104987.88452491473,39.1141708616993,1,24916
0,29761.9708419896,9.741083787814178,9,4815
0,48079.52682655832,13.101632481785431,6,32836
0,100464.96820448904,35.39433333814269,7,5773
0,63905.28546105765,37.42623292846647,5,13446
0,92674.65635074802,19.68695839823836,5,31733
0,37032.79371374356,6.771786529417595,9,11464
0,123995.1825144614,6.378714179248679,0,22576
0,35577.839813365725,25.088245312415367,3,4320
0,10663.872248444128,18.751328811261267,0,11750
0,76128.00753968625,6.002834965217908,3,27572
0,77015.89698191335,25.413833730939487,1,18948
0,55247.137349772536,5.395588780615786,10,24515
0,86598.13819656665,32.558018535224555,4,28867
0,87689.81876685022,15.725148794618006,9,1726
0,83501.22257126644,6.409030105323124,8,26820
0,54769.00683813938,25.592327734410365,10,7697
0,49815.62688660078,18.918954505156915,9,13963
0,57557.66213221922,39.08301446750024,2,2081
1,46589.36545033704,24.046953187629576,7,21269
0,112971.401017986,14.63337133629529,2,11776
0,59903.50531197756,29.83036026218912,5,32816
0,75150.1348623953,14.502220088994896,3,15196
0,100284.63309478828,36.64851519926478,7,16958
0,45493.66527833405,18.115268967758176,10,24369
0,34818.68830673283,24.245399697167183,5,12689
0,46667.5165347245,6.77005863384801,7,18331
0,78857.30667557326,19.91424332832808,0,14436
0,76462.28118676148,34.13272388813482,5,1066
1,83430.13103111634,33.19770818771697,0,31725
0,66708.22373741503,12.85114955987342,0,26212
1,16981.982379793837,12.912767485369692,7,34332
0,65738.38965176835,33.605685927463284,6,26401
0,106173.8042970886,37.5639447059264,2,14393
1,118181.06422209831,8.337632244555124,5,4670
0,72912.31434598775,20.752052379917885,8,26601
0,76590.40276481671,16.81089976374801,6,3251
0,91909.18202886268,35.474095941010376,2,34572
0,116705.72621152068,7.923372013800657,5,28027
0,70017.10921598578,12.389407989531309,10,32846
0,91344.45805477352,31.336391815527303,3,22015
0,53633.108833471175,6.795284714342546,2,10583
0,37427.286345141445,22.238738325000124,8,24104
0,56316.29754767309,20.4737462137902,9,13224
0,128401.66820017008,16.704041264606204,1,31836
0,92159.4727126816,18.81003103616233,0,30299
0,39202.4504640803,23.547920542558156,1,14036
0,94051.29087959346,10.64785754359341,6,20933
0,40695.55524951858,25.019855739925745,9,13392
1,82919.19865121352,33.190131525499524,0,8938
0,44649.91036181404,31.605632542655567,5,5141
0,38099.41903249964,10.38649666428208,6,24350
0,137860.4874752911,10.223731440951587,8,10546
0,59882.36845158611,14.386102871071966,7,6335
0,91421.12126567404,17.637615421936303,5,6077
0,71334.32234118914,19.295945349296893,2,6611
0,42288.449718962176,28.78940258916709,7,6577
0,62850.73351156881,6.983815125804239,6,21002
0,42470.21380601591,6.213544647912324,2,29647
1,180892.74714348165,18.716869703036814,8,31962
0,98626.31974504102,29.40072922482932,1,30583
0,70730.50462711597,11.77023700347689,2,2294
1,89267.50041071365,27.45265684396881,1,16096
0,95834.00975154364,14.09398482791048,0,28328
0,95946.09621919574,36.01301380847308,3,25398
1,94145.25027406732,36.349148049331575,4,18706
0,90981.4960485656,15.405052149846426,5,23340
0,73352.66647626503,13.049781388713418,4,19825
0,133147.1690842617,19.395639022318093,0,18482
0,75475.74235430216,13.418605481305203,2,10318
0,71661.93168263622,28.533434515209628,0,16574
0,75768.48802810829,33.91226395918999,10,15650
1,78206.28664118725,28.558224581892595,4,29930
0,29884.085926641703,33.85226565372723,4,21171
0,46439.41429855888,18.894725677261597,10,12801
0,66707.18798601562,10.471093974810133,5,23372
0,29113.9420491878,30.828283158915724,7,17559
0,70678.98314395847,17.616607679954384,9,33334
0,77744.83599200942,28.49447888301964,0,14288
0,36591.42773784551,14.4725379693618,3,23398
0,51866.89604904106,7.843037218233544,9,11694
1,120284.46941398882,39.74036284207172,10,13191
0,89670.9595875447,10.467052777570974,0,19051
0,87417.15912687892,39.59473478872184,8,11737
0,113825.9119900153,39.20479763982566,10,26251
0,46875.55674707741,32.78363363678139,6,6147
0,36645.850185314026,28.079803672869915,6,20643
0,107114.96601853803,25.223246758787965,4,34314
0,67567.63566559876,35.313554088224215,6,19467
0,46275.79721006554,15.130383256682078,1,2752
0,161885.90940602412,21.36884243697069,3,2849
0,29760.117387096365,26.678648927827567,6,3642
0,76158.54582673062,19.39166665543219,2,2600
0,64020.84060014082,19.962025893159375,1,21786
0,59044.53564788828,16.559963362572955,9,21183
0,20006.24461340553,24.74811358395876,1,2132
0,132373.3231203174,34.77010848052906,0,32076
0,33254.253030108346,12.05349323022095,4,27691
0,61710.118350164616,37.70515635637045,5,11931
1,56991.805543504095,29.11806788118804,5,8633
0,90855.71059011055,33.81456244380105,8,2044
0,29935.18226222656,24.46667424205041,3,25363
0,86069.51239038995,32.28308454984222,0,2582
1,76328.88032936973,5.567013906881352,5,15374
0,50665.82366059312,33.643314867283735,4,2308
0,84727.08819611053,6.404860067987828,9,22301
0,70622.29389423545,36.14696817270018,5,9793
0,146256.64552267123,39.71869615335252,2,2620
0,63994.44218926523,15.292361176187224,1,30883
1,43356.76685152466,12.36114947000278,5,7093
1,86450.66400804429,31.787717735031425,0,23259
0,60337.89666221452,13.855921932208863,6,21655
0,69977.04142188218,35.29468341102712,6,34005
1,36796.974817915885,8.599490725511686,9,32629
0,91472.5420721256,9.40843187327754,6,24610
0,55846.88414028178,39.27030442852155,10,22602
0,78973.72910292006,28.584361439450163,9,21409
0,162463.6459820505,34.64105285501335,0,12110
0,62296.68432642879,16.351528207303133,3,7073
0,96989.67789212467,28.676931233221158,6,16282
1,64290.34599226241,25.7984639558009,10,11195
1,50995.91356688371,26.110254204303143,8,2537
0,122137.60848938896,28.888636083820256,4,18138
0,25264.66592396976,25.13757105951845,1,25207
1,107985.60689866956,20.01718292559331,6,21619
0,23601.39666389736,14.65729430331914,9,25845
0,103089.99991162696,31.900346581962072,0,25310
1,70463.51960820476,12.919535050111516,6,31562
1,43415.58454229224,29.23240071540449,5,29036
0,57621.56583169707,13.166648792726432,6,9697
0,94677.5632020872,26.886555948405885,9,18513
0,155561.10674745135,31.14773934951601,2,4145
0,30562.719311625195,12.654986111728872,2,28818
0,44728.4123089155,7.09801553014579,6,31544
0,35136.12236642569,9.584081004796094,1,14100
0,64048.8919849566,26.20989385448589,0,21104
0,104313.40801557143,34.73062421790074,8,5067
0,32720.157241243556,6.574888743239853,8,31728
0,69609.0035774168,30.695294066457617,6,33317
1,102850.68516847986,16.946152608251822,6,32416
0,57231.80478934016,21.748492947183287,2,3509
0,14981.403140242075,37.51008424459479,9,22400
0,76646.58367217919,16.619002665754593,1,7533
0,118165.0521174908,21.286792687882013,10,15670
0,40713.69535736171,5.478884516623839,6,4932
0,26737.10642702541,7.855955200169342,8,24723
0,80877.18898013134,14.05070568971744,0,1719
0,81881.20848716858,5.974828428737604,3,1074
0,55369.20287182972,27.098136411688785,5,27498
0,50308.12110826445,19.923942488056788,6,32345
1,71112.50699236518,24.18508209548077,9,21541
0,40349.196217221885,11.112651506371536,6,27028
0,40381.09222150032,15.357621030281564,9,30545
0,94402.59051930708,28.23385661984538,1,15033
0,38983.55973503361,38.785595327064,3,32673
0,27647.60878793616,6.764587076077322,4,31974
0,50259.86771546334,36.16345122993431,0,24097
1,56004.180544925526,25.190842045892296,0,28608
0,86065.35560017735,24.73718483644683,9,24525
0,52368.68844342652,22.50974873227161,2,16043
0,126945.78250688384,7.428793006646419,9,12725
1,72801.17943736914,8.145689810765624,2,30483
0,46939.86871919179,26.03192019806801,7,8265
0,84451.77346044818,16.93355000024454,8,23763
0,125947.47906339394,37.104382330218826,10,11116
0,93263.19129485266,19.23066880758153,0,16733
0,31717.56907825785,10.014851054592436,10,26502
1,58280.51981955962,30.01515917257126,1,10247
0,78424.44199111215,15.267369750435344,9,24840
0,91558.07597290342,23.39146075745626,1,22058
0,64229.97492944103,29.42414749268095,3,19635
0,60114.84009731345,36.50924389207246,1,26628
0,145773.30568106918,32.72669181805867,6,32362
0,93871.63245641136,28.672637375545342,8,21953
0,84568.91400285288,28.787161383830025,6,20128
0,53422.70582835707,38.10736254112303,5,13061
0,40060.1848541277,15.353843412378762,9,7041
0,85229.10676633497,5.038923296866559,0,13673
0,98395.68097186778,14.518409578936954,10,22059
0,69818.82479719407,12.62619828693604,9,18548
0,93982.6962383275,28.164210478989936,8,16078
0,95043.39701661104,27.17990599179352,4,6419
1,101276.3609376405,25.77114839466533,10,11550
1,31435.617937229734,5.568520512330879,4,31337
0,59056.57686313246,30.507231905772663,5,2468
0,87509.02951317487,16.323564436992203,8,25309
0,71625.270612789,28.276959615232087,7,1808
0,95174.20263928572,24.480244997575365,7,25747
0,84546.35966574062,16.99558238997675,7,7719
0,20840.328378622497,9.71016934864377,0,17363
0,111910.17661662928,8.304661418116833,0,29718
0,55602.08455830792,34.103141658927825,7,29801
0,45599.61509737587,37.14391397285453,4,9012
0,110269.4311207833,27.742581636750486,8,19029
0,91957.16723241431,8.620194020116918,1,1767
0,117073.3104105459,19.070952591088425,8,4895
0,78811.32954612406,30.512872003680503,7,16332
0,58702.930755304194,32.29373094035238,8,15621
0,74749.87681307828,9.1376517801881,3,12334
0,41662.07442189929,5.001075159588384,0,19174
0,34680.555379750724,29.92479660582117,0,34653
0,51525.31781228672,17.4808661595172,4,3073
0,132387.89242862153,13.906846606639109,1,7269
0,54033.90616637077,5.451411442633391,7,18194
0,27970.670673569053,23.91047923665249,9,27811
1,65068.8684542925,34.79027573990936,10,7841
0,53694.16725430031,38.517107619540575,4,10699
0,112809.55741707567,24.80107327146512,4,11762
0,128209.07949800148,23.006146470896297,1,3147
0,57438.78693090637,7.976973492123438,6,34383
0,78777.3167755486,24.21054805399099,7,34715
1,81741.4006222735,18.29926776378881,9,3013
0,68435.2892654591,26.249734830925192,0,21081
0,62796.440620336565,18.60542217567913,1,17874
0,44119.42378372092,13.410469320762836,9,9733
0,25600.451070923897,8.323784632993178,3,10479
0,43993.82581426736,16.02214556061135,4,10825
0,67330.96085309485,8.38256920007133,1,22304
0,32750.03605003093,11.191393278839438,0,16635
1,76933.31771536099,39.556765550284105,8,21760
0,72271.14227610656,20.54362449173165,0,10490
0,53737.819322367526,23.61551182767558,3,22252
0,61561.19526521082,35.57664850580254,1,7862
0,35768.85029248033,39.84491151717408,10,5423
0,100475.5882488749,25.39500572706385,3,11450
0,99721.45523153571,33.43658373654601,7,23554
0,38995.202261752565,16.442935851783634,7,32826
0,39562.14821753418,15.701038510655188,10,7825
0,44279.9370877076,19.094630234809607,8,13454
0,89433.63661396591,28.53775419357772,10,25251
0,81626.51759234433,28.876709123928457,4,21648
1,109716.77761829743,16.033380212730776,6,25530
0,115150.20862328605,9.662347344782004,2,13516
0,31184.81353318135,27.1338689762928,9,9558
1,88021.02351107428,9.491405176606758,3,9719
0,113119.603315745,25.247237788026556,9,5886
1,59723.10963467017,29.269774481970813,8,29185
0,69239.59324570686,29.52140237380581,9,22575
0,64500.91027923018,31.371523873085884,9,11100
0,65825.6417832025,35.55007975479826,0,8856
0,100323.71407993187,22.4985647187676,1,29804
0,143375.5168776571,30.55872163353499,4,31988
0,124984.31109620944,26.671045737804285,2,11912
0,54933.94904711872,11.53239789291889,1,23368
0,78889.79354656259,5.899137570429286,0,2770
0,47550.71513640017,14.95894849869268,9,13305
1,49923.46492293711,20.50617972181668,2,10969
0,67845.66125438744,26.59870805500297,0,13404
0,49273.984167157934,34.74857656761219,0,9989
0,52836.24435969894,11.868600084715798,0,20360
0,78047.69377556477,9.3942426464467,7,21121
1,87472.16003475075,38.72179816160146,2,27287
0,86435.59544664736,8.78155957817425,10,7789
0,86818.31517136382,21.74718745375162,0,28181
0,37066.63222508549,25.494730507765567,6,15385
0,48065.36861805305,23.94810473176034,9,18061
0,71236.53681017939,8.011125496153012,2,1105
0,110842.5568989224,6.995941990126678,7,22137
0,177934.69473480136,8.691919961136248,3,6544
0,80313.5885725365,25.49556893554144,3,14275
0,96081.17502683398,24.05207106720124,4,20641
1,34966.6882552885,13.180927721286048,5,7213
1,94939.3707013737,27.322094964595703,6,15485
0,156449.83008116647,33.70236257194773,3,16605
0,47980.41400198374,6.455263594630782,7,21390
0,53659.69498525124,22.434548024181485,5,10867
0,101711.628600158,29.12586442359416,0,4981
1,70825.9059194127,13.830917447439049,0,10493
0,24401.898420859005,15.77198168526022,8,6682
0,55206.00663982818,26.477326604628438,9,6782
0,127973.1276319608,36.42773527053079,5,30799
0,61344.08655461597,33.34735471060148,9,17984
0,61320.43225957688,25.409557668485423,7,23760
0,98861.390340979,30.557760121503723,6,26993
0,81607.20820961203,17.768786457272952,5,2524
0,59803.85524720827,27.43379348345652,3,27120
0,51976.41378677515,21.31635568946449,6,1078
0,215643.51513965888,11.647764776014633,8,26473
0,118574.26744285214,29.560839585704,10,9417
0,86803.99368506022,24.47626230720877,9,14362
0,89273.05186849108,17.551755368375698,9,2209
0,66013.00342826066,36.89687165275208,6,5898
0,81171.1007767616,5.732694123935664,0,19562
0,62814.55941516126,16.05206029373236,9,11871
0,45877.02175283375,6.99084892221763,8,8610
1,82595.7431632431,31.82845606775695,3,28382
0,60324.05522364771,29.57376089398274,2,16791
0,84514.08045205793,16.597327655771096,3,3370
0,91563.01863735513,28.648201577247555,3,20665
0,86496.39430041928,18.857802916858244,9,5710
0,44068.27766654668,31.4688826997852,10,1328
0,57328.04755525686,20.896428195784715,1,21612
0,60866.77594173417,19.42979047410829,0,7794
0,106620.12899856934,37.715547042090535,9,33888
0,104178.3676736645,13.780768496174508,0,7749
0,49432.62116385052,9.21565689987979,7,21608
0,36626.34098853654,25.45900896408104,1,16450
0,181754.5681102221,38.92626342994626,9,4675
0,84987.64499320654,18.22437248045153,4,19460
0,34176.86819290797,7.171286727007353,3,12560
0,53247.75051195212,16.87568435583486,7,33463
0,108586.7457451588,22.707607901184545,1,32663
0,161823.81248600752,10.66730523212748,9,4170
0,149813.0610794523,28.03357763197722,8,34123
0,83399.14828593604,39.92122861535702,6,29810
0,70109.4358950248,20.81088165935053,6,10718
0,42017.8983226132,17.41549948555744,0,1028
0,72813.45461667393,19.02464583920633,1,18397
0,44811.1030664521,9.03011624383204,3,3024
0,57591.2734857288,35.914576049917834,3,14503
1,101664.3807742296,19.51889794324732,10,11303
0,62669.3372681817,18.554604399869447,2,18138
1,60731.475998796144,28.089159552566603,6,26345
0,68385.75445049723,20.471169732589324,7,30505
